frame,distance_m,pending_scroll_steps
65,1010451.446487,0.925000
66,1021012.125707,0.850000
67,1031683.179301,0.775000
68,1042465.760841,0.700000
69,1053361.035955,0.625000
70,1064370.182453,0.550000
71,1075494.390457,0.475000
72,1086734.862526,0.400000
73,1098092.813787,0.325000
74,1109569.472068,0.250000
75,1120523.910569,0.179133
76,1128439.556237,0.128354
77,1134145.729423,0.091970
78,1138252.117403,0.065899
79,1141203.613245,0.047219
80,1143323.157829,0.033834
81,1144844.298373,0.024243
82,1145935.487636,0.017371
83,1146717.998454,0.012447
84,1147279.020542,0.008918
85,1147681.179222,0.006390
86,1147969.425197,0.004579
87,1148176.006983,0.003281
88,1148324.052163,0.002351
89,1148369.367514,0.002066
90,1148462.615594,0.001481
91,1148514.440998,0.001155
92,1148566.571868,0.000828
93,1148603.926723,0.000593
94,1148630.693394,0.000425
95,1148649.872935,0.000304
